Type,Name,Request Count,Failure Count,Median Response Time,Average Response Time,Min Response Time,Max Response Time,Requests/s,Failures/s,50%,95%,99%,99.9%
POST,/api/v2/Standard,60,60,0,0,0,0,64.83550638311905,64.83550638311905,0,0,0,0
POST,/api/v2/Semantic,30,0,635.9076499938965,635.9076499938965,436.7539882659912,713.3791446685791,32.41775319155953,0.0,635.9076499938965,635.9076499938965,635.9076499938965,635.9076499938965
POST,/api/v2/Agentic,10,0,687.8283262252808,687.8283262252808,662.3117923736572,710.1130485534668,10.805917730519841,0.0,687.8283262252808,687.8283262252808,687.8283262252808,687.8283262252808
